,Landmark,Architecture,Building,City,Sky,Human settlement,Tourism,Town,Historic site,Metropolitan area,url
0,0.8913570046424866,0.7263345718383789,0.834876537322998,0.7498757839202881,0.8220894932746887,0.8528644442558289,0.7430498003959656,0.9108684659004211,0.6769258975982666,0.0,https://www.planetware.com/photos-large/E/cuenca.jpg
1,0.0,0.0,0.0,0.0,0.0,0.0,0.0,0.0,0.0,0.0,https://www.planetware.com/photos-large/USMA/boston-massachusetts-united-states-copley-square.jpg
2,0.0,0.0,0.0,0.0,0.8857545852661133,0.0,0.6970807909965515,0.0,0.0,0.0,https://washington-org.s3.amazonaws.com/s3fs-public/tours_sightseeing_category_hero_shot.jpg
3,0.0,0.817379355430603,0.7329831719398499,0.8034908771514893,0.8857545852661133,0.8568889498710632,0.6970807909965515,0.8347687721252441,0.0,0.0,http://www.tour-beijing.com/blog/wp-content/uploads/Shenzhen-Happy-Valley8.jpg
4,0.0,0.8959888815879822,0.828885018825531,0.0,0.8220894932746887,0.0,0.0,0.8440616726875305,0.79804927110672,0.0,https://www.planetware.com/photos-large/HK/hong-kong-wong-tai-sin-temple.jpg
5,0.0,0.0,0.0,0.8243765234947205,0.0,0.9189363718032837,0.0,0.9604605436325073,0.0,0.0,https://www.planetware.com/photos-large/COL/colombia-medellin-comuna-13-overview.jpg
6,0.9580419659614563,0.0,0.0,0.0,0.0,0.0,0.7727317214012146,0.0,0.8254184126853943,0.0,http://static.asiawebdirect.com/m/kl/portals/kuala-lumpur-ws/homepage/attractions/all-attractions/allParagraphs/BucketComponent/ListingContainer/03/image/600-batuvae05.jpg
7,0.0,0.0,0.0,0.0,0.0,0.0,0.0,0.0,0.0,0.0,https://vmtravel.com.vn/wp-content/uploads/2017/08/ho-chi-minh-city-haft-day-tour-2.jpg
8,0.0,0.0,0.0,0.0,0.0,0.0,0.0,0.0,0.0,0.0,http://static.trip101.com/paragraph_media/pictures/001/705/960/large/Hebao.jpg?1565844019
9,0.9317072033882141,0.8042545914649963,0.912911057472229,0.887520968914032,0.0,0.8664624691009521,0.7335869669914246,0.9163841009140015,0.0,0.0,https://i.ytimg.com/vi/xDJhDRmDlYQ/maxresdefault.jpg
10,0.9248201847076416,0.0,0.0,0.0,0.9676715731620789,0.0,0.0,0.0,0.0,0.0,https://cdn.thecrazytourist.com/wp-content/uploads/2018/08/ccimage-shutterstock_777931966.jpg
11,0.0,0.0,0.0,0.9657823443412781,0.8220894932746887,0.9122359752655029,0.0,0.8481103777885437,0.0,0.9760376811027527,https://ak.jogurucdn.com/media/image/p15/activity-2016-01-4-21-57a75135a0e7f157b84f12dcb604a592.jpg
12,0.0,0.8648796677589417,0.894274115562439,0.0,0.0,0.0,0.0,0.0,0.5628833770751953,0.0,http://www.tour-beijing.com/blog/wp-content/uploads/New-Yuanming-Palace.jpg
13,0.0,0.0,0.0,0.0,0.0,0.0,0.0,0.0,0.0,0.0,https://apollovoyages.com/wp-content/uploads/2017/08/KERALA-INVITES--e1503640212456.jpg
14,0.9830271601676941,0.8785452842712402,0.0,0.0,0.862245500087738,0.0,0.0,0.0,0.9021466374397278,0.0,https://www.holidify.com/images/bgImages/AGRA.jpg
15,0.968318521976471,0.9175521731376648,0.930837094783783,0.82234787940979,0.8220894932746887,0.0,0.0,0.0,0.0,0.0,https://www.planetware.com/photos-large/USWI/us-wisconsin-madison-wisconsin-state-capitol.jpg
16,0.0,0.8042545914649963,0.9117022156715393,0.0,0.0,0.0,0.0,0.0,0.0,0.0,https://angkorfocus.com/backoffice/uploads/attraction-What%20to%20see%20in%20Phnom%20Penh%20Museum.jpg
17,0.0,0.0,0.0,0.0,0.0,0.0,0.0,0.0,0.0,0.0,https://media-cdn.tripadvisor.com/media/photo-s/04/ae/7d/38/getlstd-property-photo.jpg
18,0.0,0.7263345718383789,0.0,0.0,0.0,0.0,0.0,0.0,0.942374587059021,0.0,https://media-cdn.tripadvisor.com/media/photo-s/16/e6/47/0c/private-amman-city-sightseeing.jpg
19,0.9205096960067749,0.8278814554214478,0.9167296886444092,0.9785924553871155,0.0,0.9331122636795044,0.0,0.9013161063194275,0.0,0.0,https://cache-graphicslib.viator.com/graphicslib/thumbs674x446/5549/SITours/bogot-city-sightseeing-tour-with-optional-lunch-and-cable-car-ride-in-bogot-110152.jpg
20,0.8913570046424866,0.843872606754303,0.9194647669792175,0.0,0.0,0.8428758978843689,0.0,0.9533683657646179,0.0,0.0,https://d3hne3c382ip58.cloudfront.net/resized/373x212/discover-colombia-tour-2-7456_1553147992.JPG
21,0.9713851809501648,0.9662947058677673,0.8500555753707886,0.0,0.0,0.0,0.0,0.0,0.0,0.0,https://media.tacdn.com/media/attractions-splice-spp-674x446/06/ee/98/67.jpg
22,0.0,0.0,0.0,0.0,0.0,0.0,0.0,0.0,0.0,0.0,https://www.visitberlin.de/system/files/styles/visitberlin_bleed_header_visitberlin_mobile_1x/private/image/Museumsinsel%2BDom_iStock_c_Chalabala_DL_PPT_0.jpg?h=ed48b44d&itok=omZojQXE
23,0.9447088241577148,0.8904770016670227,0.6739131212234497,0.0,0.0,0.0,0.7335869669914246,0.0,0.8174101114273071,0.0,https://media-cdn.tripadvisor.com/media/photo-s/01/24/b5/06/estatua-de-bolivar-y.jpg
24,0.0,0.0,0.0,0.9828467965126038,0.0,0.9372617602348328,0.0,0.0,0.0,0.9877844452857971,https://cdn2.veltra.com/ptr/20161212021943_1766202076_10173_0.jpg?imwidth=480&impolicy=custom
25,0.0,0.0,0.0,0.0,0.8220894932746887,0.8428758978843689,0.0,0.9013161063194275,0.0,0.0,https://www.desktodirtbag.com/wp-content/uploads/2017/03/Things-to-see-and-do-in-Medellin-Colombia-17.jpg
26,0.9489173889160156,0.8501737713813782,0.7730304598808289,0.8007271885871887,0.8220894932746887,0.0,0.8366730809211731,0.8347687721252441,0.0,0.6908340454101562,http://www.daisyvega.com/wp-content/uploads/2018/01/Chennai.jpg
27,0.8913570046424866,0.0,0.0,0.0,0.0,0.0,0.0,0.0,0.0,0.0,https://cdn.getyourguide.com/img/tour_img-853832-146.jpg
28,0.0,0.0,0.7666565775871277,0.0,0.9014298319816589,0.0,0.0,0.0,0.0,0.0,https://www.tripsavvy.com/thmb/_iCWaExfdRoC4TkoraVmghFlb5A=/2143x1399/filters:no_upscale():max_bytes(150000):strip_icc()/GettyImages-473532064-5ab25b7b119fa80037e1697c.jpg
29,0.9489173889160156,0.9585607051849365,0.8250483870506287,0.0,0.0,0.0,0.0,0.0,0.0,0.0,https://ak.jogurucdn.com/media/image/p15/activity-2016-02-13-10-d3f5c84a894e090549f0d17c8672f2f6.jpg
30,0.0,0.0,0.0,0.0,0.0,0.0,0.0,0.0,0.0,0.0,https://www.visitberlin.de/system/files/styles/visitberlin_bleed_header_visitberlin_mobile_1x/private/image/iStock_000049394172_istock.com_Mapics_DL_PPT_0.jpg?h=5f29f7b4&itok=LFla1Mba
31,0.0,0.0,0.9180760383605957,0.9785924553871155,0.0,0.9244986772537231,0.0,0.0,0.0,0.9882481098175049,https://media.tacdn.com/media/attractions-splice-spp-674x446/06/70/81/c7.jpg
32,0.9532526731491089,0.0,0.0,0.0,0.8857545852661133,0.0,0.7335869669914246,0.0,0.7353403568267822,0.0,https://www.planetware.com/wpimages/2018/10/hong-kong-attractions-big-buddha-and-forest.jpg
33,0.9370046854019165,0.9315927624702454,0.0,0.8680529594421387,0.9127334952354431,0.0,0.0,0.0,0.0,0.8951684832572937,https://www.sallyakins.com/wp-content/uploads/2018/09/singapore-marina-bay-sands.jpg
34,0.0,0.0,0.0,0.0,0.0,0.0,0.8433787822723389,0.0,0.0,0.0,https://www.planetware.com/photos-tiles/california-santa-monica-beach-and-mountains.jpg
35,0.0,0.0,0.0,0.8995469808578491,0.0,0.893509030342102,0.8234620094299316,0.0,0.0,0.9496566653251648,https://ntteconf.org/wp-content/uploads/2019/04/barcelona-beach-guide-1140x565.jpg
36,0.0,0.0,0.0,0.0,0.0,0.0,0.0,0.0,0.0,0.0,https://cdn.tourradar.com/s3/tour/original/95651_9386addc.jpg
37,0.9674492478370667,0.9082483649253845,0.0,0.9434982538223267,0.9508286118507385,0.8822582364082336,0.0,0.0,0.0,0.9065075516700745,https://cdn2.veltra.com/ptr/20171016160853_1526219061_2074_0.jpg?imwidth=550&impolicy=custom
38,0.0,0.6545118689537048,0.7919023036956787,0.0,0.0,0.0,0.0,0.0,0.8774392008781433,0.0,https://www.4worldsexpeditions.com/wp-content/uploads/2017/11/reef-snorkeling-cancun-sightseeing.jpg
39,0.8777039647102356,0.817379355430603,0.0,0.0,0.0,0.0,0.9035807251930237,0.871628999710083,0.0,0.0,https://cdn.getyourguide.com/img/tour_img-666528-146.jpg
40,0.8777039647102356,0.0,0.0,0.0,0.0,0.0,0.0,0.0,0.0,0.0,https://mandelan.eu/images/products/b/14845721413135.jpg
41,0.9153850078582764,0.8959888815879822,0.8507679104804993,0.7694646120071411,0.8220894932746887,0.0,0.7109197974205017,0.0,0.0,0.0,https://cdn.thecrazytourist.com/wp-content/uploads/2018/08/ccimage-RemoPlazaPaz2-1024x768.jpg
42,0.0,0.0,0.0,0.0,0.0,0.0,0.0,0.0,0.0,0.0,https://www.planetware.com/photos-large/USCA/california-yosemite-falls-reflection-and-trees.jpg
43,0.9345153570175171,0.0,0.79586261510849,0.0,0.0,0.0,0.0,0.0,0.9568672180175781,0.0,https://i.ytimg.com/vi/3CznsMtXRV4/maxresdefault.jpg
44,0.9634590744972229,0.9378145933151245,0.9194647669792175,0.9489217400550842,0.0,0.9115719199180603,0.0,0.8518347144126892,0.0,0.0,https://www.gpsmycity.com/img/gd/5137.jpg
45,0.9749705195426941,0.8501737713813782,0.8672521114349365,0.0,0.0,0.0,0.0,0.0,0.9136427044868469,0.0,https://www.planetware.com/photos-large/IND/india-delhi-red-fort.jpg
46,0.0,0.0,0.0,0.0,0.0,0.0,0.0,0.0,0.0,0.0,https://media.timeout.com/images/103370389/630/472/image.jpg
47,0.9741314649581909,0.8838308453559875,0.8400033116340637,0.0,0.862245500087738,0.0,0.0,0.0,0.0,0.0,https://cdn.getyourguide.com/img/tour_img-634452-148.jpg
48,0.9550336599349976,0.9364053606987,0.9071286916732788,0.7238500714302063,0.862245500087738,0.0,0.680931568145752,0.0,0.0,0.0,https://cdn.thecrazytourist.com/wp-content/uploads/2018/08/ccimage-shutterstock_1071741107.jpg
49,0.928507924079895,0.9093363285064697,0.8571761250495911,0.6420290470123291,0.9281086325645447,0.0,0.0,0.0,0.0,0.0,https://cdn.getyourguide.com/img/tour_img-629553-148.jpg
50,0.0,0.0,0.0,0.0,0.0,0.0,0.8139173984527588,0.0,0.0,0.0,https://media-cdn.tripadvisor.com/media/photo-s/16/44/c5/82/tulum-coba-and-cenotes.jpg
51,0.8777039647102356,0.0,0.0,0.9519732594490051,0.0,0.920229434967041,0.0,0.0,0.0,0.9542924165725708,https://ui.cltpstatic.com/camp/images/ai/000/882/370/882370/published/w/dubai-sightseeing-by-yellow-boats-1544701423-1.jpg
52,0.0,0.0,0.0,0.9127976298332214,0.0,0.8807514905929565,0.0,0.8481103777885437,0.0,0.941666841506958,https://smhttp-ssl-53207-colombia.nexcesscdn.net/media/catalog/product/cache/3/image/470x354/9df78eab33525d08d6e5fb8d27136e95/c/i/city-tour-santa-marta.jpg
53,0.0,0.0,0.0,0.0,0.0,0.0,0.0,0.0,0.0,0.0,"https://cl.escapehere.com/image/upload/t_tn,f_auto,q_auto,$h_345,$w_840/eh/2015/01/Ik-Kil-Cenote-Mexico.jpg"
54,0.9248201847076416,0.0,0.0,0.9701080322265625,0.9336194396018982,0.9177833795547485,0.0,0.9398062825202942,0.0,0.9603406190872192,https://www.planetware.com/photos-large/SCO/scotland-edinburgh-castle.jpg
55,0.9512330889701843,0.7263345718383789,0.0,0.0,0.7326111197471619,0.0,0.0,0.0,0.0,0.0,https://smhttp-ssl-53207-colombia.nexcesscdn.net/media/catalog/product/cache/3/thumbnail/470x354/9df78eab33525d08d6e5fb8d27136e95/f/s/fsfsfs.jpg
56,0.0,0.0,0.0,0.0,0.0,0.0,0.0,0.0,0.0,0.0,https://pbs.twimg.com/media/DU_aVBBXkAAc0V9.jpg
57,0.928507924079895,0.8812883496284485,0.8761898875236511,0.0,0.0,0.0,0.0,0.0,0.0,0.0,https://cache-graphicslib.viator.com/graphicslib/thumbs674x446/3074/SITours/private-tour-guayaquil-sightseeing-with-optional-historical-park-in-guayaquil-142296.jpg
58,0.9522758722305298,0.8976292014122009,0.6650701761245728,0.0,0.8220894932746887,0.0,0.6085109710693359,0.0,0.0,0.0,https://www.trawell.in/admin/images/upload/786367245Chennai_MGR_Memorial_Main.jpg
59,0.9770710468292236,0.9212028384208679,0.9093667268753052,0.0,0.0,0.0,0.0,0.0,0.0,0.0,https://www.planetware.com/photos-large/D/east-berlin-former.jpg
60,0.0,0.0,0.0,0.0,0.0,0.0,0.0,0.0,0.0,0.0,https://www.oyorooms.com/travel-guide/wp-content/uploads/2019/02/Juhu-beach.jpg
61,0.0,0.0,0.8171036243438721,0.0,0.7326111197471619,0.8287564516067505,0.0,0.0,0.839006781578064,0.0,https://www.planetware.com/photos-large/MEX/mexico-cancun-el-rey-maya-ruins.jpg
62,0.0,0.0,0.0,0.0,0.0,0.0,0.0,0.0,0.0,0.0,"https://cdn.shortpixel.ai/client/q_glossy,ret_img,w_750/https://santramholidays.in/wp-content/uploads/2017/10/India-Gate-Delhi-Sightseeing.jpg"
63,0.9620694518089294,0.8365494012832642,0.0,0.0,0.8220894932746887,0.0,0.841229259967804,0.0,0.0,0.0,https://extrapolitan-production.s3.amazonaws.com/pictures/Berlin/berlin-customer.jpg
64,0.9615676999092102,0.9082483649253845,0.912911057472229,0.0,0.0,0.0,0.0,0.0,0.874327540397644,0.0,https://realitytoursandtravel.com/wp-content/uploads/2018/07/Header_1800x844-12.jpg
65,0.9091620445251465,0.8556758165359497,0.0,0.0,0.9668051600456238,0.0,0.0,0.0,0.0,0.0,https://d22ir9aoo7cbf6.cloudfront.net/wp-content/uploads/sites/2/2015/11/Sunrise-at-Marina-Bay-Singapore-Credit-mr.water-via-Shutterstock1.jpg
66,0.0,0.0,0.0,0.9872371554374695,0.0,0.9394464492797852,0.0,0.0,0.0,0.9903675317764282,https://media-cdn.tripadvisor.com/media/photo-s/18/a7/9e/ae/boston-in-one-day-sightseeing.jpg
67,0.0,0.8556758165359497,0.8731646537780762,0.0,0.0,0.0,0.0,0.935958743095398,0.0,0.0,https://media.tacdn.com/media/attractions-splice-spp-674x446/07/6b/ac/b2.jpg
68,0.0,0.0,0.0,0.0,0.0,0.0,0.8066632747650146,0.0,0.0,0.0,https://media.tacdn.com/media/attractions-splice-spp-674x446/06/6e/e2/8a.jpg
69,0.9205096960067749,0.7632943391799927,0.0,0.5134755373001099,0.0,0.0,0.0,0.0,0.0,0.0,https://s3.amazonaws.com/beertourprod/images/pictures/000/003/588/original/Leuven.jpg?1376157732
70,0.9615676999092102,0.817379355430603,0.0,0.0,0.0,0.0,0.0,0.0,0.7099733948707581,0.0,https://www.planetware.com/photos-large/USMA/boston-massachusetts-united-states-freedom-trail.jpg
71,0.8913570046424866,0.0,0.0,0.9657823443412781,0.0,0.9173005819320679,0.0,0.0,0.0,0.9478839635848999,https://media.tacdn.com/media/attractions-splice-spp-674x446/06/6f/76/61.jpg
72,0.9587007164955139,0.9123634696006775,0.9525967240333557,0.928952157497406,0.8220894932746887,0.879143238067627,0.0,0.8614516258239746,0.0,0.9469472169876099,https://media.tacdn.com/media/attractions-splice-spp-674x446/06/6a/d9/ce.jpg
73,0.9756102561950684,0.9277428388595581,0.9395731091499329,0.9651159644126892,0.0,0.9200201630592346,0.0,0.0,0.0,0.9753968715667725,https://assets.isango.com/NinjaResourcesPOC1/images/Adapt/pc/114.jpg
74,0.0,0.0,0.0,0.0,0.9600354433059692,0.0,0.0,0.0,0.0,0.0,https://cdn.thecrazytourist.com/wp-content/uploads/2015/07/California.jpg
75,0.0,0.8942565321922302,0.79586261510849,0.744107186794281,0.0,0.0,0.87092524766922,0.0,0.0,0.0,https://washington-org.s3.amazonaws.com/s3fs-public/styles/editorial_aligned/public/crowded-lincoln-memorial-plaza-in-summer_ddc-photo.jpg?itok=ioW2_YES
76,0.0,0.0,0.6147768497467041,0.0,0.0,0.0,0.766288161277771,0.0,0.0,0.0,https://www.medellincolombia.co/wp-content/uploads/2015/10/El-Pe%C3%B1ol-Rock.jpg
77,0.9522758722305298,0.9320331811904907,0.948600709438324,0.0,0.0,0.0,0.0,0.8293768167495728,0.8254184126853943,0.0,https://media-cdn.tripadvisor.com/media/photo-s/10/66/0f/74/2-night-cuenca-sightseeing.jpg
78,0.9412347674369812,0.7632943391799927,0.507937490940094,0.0,0.0,0.0,0.680931568145752,0.0,0.6314029097557068,0.0,https://toptravelsights.com/wp-content/uploads/2018/06/IMG_20180617_160554.jpg
79,0.9091620445251465,0.8501737713813782,0.6230400204658508,0.7498757839202881,0.8220894932746887,0.0,0.7592620849609375,0.0,0.0,0.0,https://assets.isango.com/heroimages/hidpi/23938/SingaporeSightseeing.jpg
80,0.0,0.0,0.0,0.0,0.8857545852661133,0.0,0.0,0.0,0.0,0.0,http://static.asiawebdirect.com/m/phuket/portals/phuket-com/homepage/island/attract/pagePropertiesImage/phuket-attractions.jpg.jpg
81,0.9013980627059937,0.7632943391799927,0.7423341870307922,0.0,0.0,0.0,0.0,0.0,0.0,0.0,https://cdn.thecrazytourist.com/wp-content/uploads/2018/08/ccimage-shutterstock_623135669.jpg
82,0.9768627882003784,0.8838308453559875,0.889872133731842,0.9093794822692871,0.0,0.8850084543228149,0.0,0.0,0.0,0.9266918897628784,https://angkorfocus.com/backoffice/uploads/travelstyle-Phnom-Penh-Attractions.jpg
83,0.9317072033882141,0.8942565321922302,0.0,0.8202562928199768,0.0,0.0,0.794054388999939,0.0,0.0,0.8110857009887695,https://www.tripsavvy.com/thmb/YrqiVHDPX87zdx409HNq2t2Y1Vo=/1024x680/filters:no_upscale():max_bytes(150000):strip_icc()/GettyImages-503092329-594075a55f9b58d58a8a1411.jpg
84,0.0,0.0,0.0,0.0,0.0,0.0,0.0,0.0,0.0,0.0,https://media.tacdn.com/media/attractions-splice-spp-674x446/06/75/a8/4b.jpg
85,0.9566190838813782,0.0,0.0,0.0,0.862245500087738,0.0,0.0,0.0,0.0,0.0,https://www.planetware.com/photos-large/USCA/california-golden-gate-bridge-night.jpg
86,0.9541700482368469,0.7632943391799927,0.8716710805892944,0.6420290470123291,0.0,0.0,0.0,0.8481103777885437,0.6314029097557068,0.0,http://www.tour-beijing.com/blog/wp-content/uploads/Pearl-Amusement-Park.jpg
87,0.9013980627059937,0.7871291637420654,0.898934006690979,0.0,0.0,0.0,0.0,0.8693092465400696,0.0,0.0,https://d27k8xmh3cuzik.cloudfront.net/wp-content/uploads/2018/07/phnom-penh-castle-city-road-street-og.jpg
88,0.9773737192153931,0.903420627117157,0.8890175223350525,0.0,0.9420714974403381,0.0,0.0,0.0,0.0,0.0,https://media.tacdn.com/media/attractions-splice-spp-674x446/07/72/0b/47.jpg
89,0.0,0.0,0.0,0.0,0.0,0.0,0.0,0.0,0.0,0.0,https://www.uncovercolombia.com/site/assets/files/1749/santa-marta-tour-1.jpg
90,0.0,0.8042545914649963,0.6650701761245728,0.7069998979568481,0.0,0.0,0.0,0.0,0.0,0.0,https://media.dayoutwiththekids.co.uk/media/10876/37129-edinburgh-bus-tours-edinburgh-01.jpg?anchor=center&mode=crop&quality=75&width=1680&height=940
91,0.0,0.0,0.0,0.0,0.8857545852661133,0.0,0.6382286548614502,0.0,0.0,0.0,http://www.transindiatravels.com/wp-content/uploads/marina-beach.jpg
92,0.0,0.0,0.0,0.0,0.0,0.0,0.0,0.0,0.0,0.0,https://www.itourvn.com/images/easyblog_articles/193/best-churches-in-ho-chi-minh-1.jpg
93,0.0,0.0,0.0,0.0,0.0,0.0,0.0,0.0,0.0,0.0,https://media-cdn.tripadvisor.com/media/photo-s/14/44/3c/e0/ruta-roja-cartagena-de.jpg
94,0.9558485746383667,0.0,0.0,0.7884515523910522,0.0,0.0,0.0,0.0,0.0,0.0,https://i.ytimg.com/vi/cCmxP6x8F3E/maxresdefault.jpg
95,0.9630138874053955,0.9554125070571899,0.6957166194915771,0.0,0.9508286118507385,0.0,0.0,0.0,0.6769258975982666,0.0,http://707tours.in/images/tour/india_gate.jpg
96,0.0,0.0,0.0,0.0,0.9213254451751709,0.0,0.0,0.0,0.0,0.0,https://img.theculturetrip.com/768x432/wp-content/uploads/2018/01/ed1.jpg
97,0.0,0.0,0.0,0.0,0.0,0.0,0.0,0.0,0.0,0.0,http://media.royalcaribbean.com/media/royal/shared_assets/images/shore-excursions/cartagena/cartagena-sightseeing-tour-wheelchair-accessible-CA21-mosaic.jpg
98,0.0,0.0,0.0,0.0,0.0,0.0,0.0,0.0,0.0,0.0,https://media-cdn.tripadvisor.com/media/attractions-splice-spp-540x360/06/6b/8d/52.jpg
99,0.0,0.0,0.0,0.0,0.8857545852661133,0.0,0.0,0.0,0.0,0.0,https://www.attractionsofamerica.com/images/destinations/20151109114147_wisconsin-union.jpg
100,0.9013980627059937,0.7632943391799927,0.0,0.0,0.0,0.0,0.0,0.0,0.0,0.8497491478919983,https://media.tacdn.com/media/attractions-splice-spp-674x446/06/71/96/b5.jpg
101,0.9798302054405212,0.9384890198707581,0.9348943829536438,0.9333509206771851,0.862245500087738,0.8636108636856079,0.0,0.8832597136497498,0.0,0.0,http://static.asiawebdirect.com/m/kl/portals/kuala-lumpur-ws/homepage/attractions/10-things-to-see/pagePropertiesImage/kuala-lumpur-attractions.jpg.jpg
102,0.9541700482368469,0.8648796677589417,0.8873310685157776,0.0,0.9381980895996094,0.0,0.0,0.0,0.0,0.0,https://cdn.thecrazytourist.com/wp-content/uploads/2018/09/ccimage-shutterstock_409238395.jpg
103,0.0,0.0,0.0,0.9678664207458496,0.0,0.9149491786956787,0.0,0.0,0.0,0.9830166697502136,https://www.planetware.com/photos-large/E/spain-barcelona-sagrada-familia.jpg
104,0.9573490619659424,0.817379355430603,0.8784971237182617,0.0,0.0,0.0,0.0,0.0,0.0,0.0,https://cdn.theculturetrip.com/wp-content/uploads/2017/01/arenberg-castle--jim-trodelflickr-1024x640.jpg
105,0.9646991491317749,0.8605384230613708,0.901884138584137,0.9625648260116577,0.0,0.9137945175170898,0.0,0.9404077529907227,0.0,0.0,http://erasmusplus.up.poznan.pl/sites/default/files/styles/large/public/images/1185224_10201872630084918_658708147_n.jpg?itok=0LskgE6q
106,0.0,0.0,0.0,0.958434522151947,0.0,0.8943678140640259,0.0,0.0,0.0,0.9628006815910339,https://www.planetware.com/photos-large/UAE/uae-dubai-burj-khalifa2.jpg
107,0.0,0.0,0.0,0.0,0.0,0.0,0.0,0.0,0.0,0.0,https://img-aws.ehowcdn.com/560x560p/photos.demandstudios.com/getty/article/34/216/71042188.jpg
108,0.0,0.0,0.0,0.0,0.0,0.0,0.0,0.0,0.953169047832489,0.0,https://cdn.getyourguide.com/img/tour_img-1562196-146.jpg
109,0.0,0.0,0.0,0.0,0.0,0.0,0.0,0.0,0.0,0.0,https://cdn.thecrazytourist.com/wp-content/uploads/2018/05/ccimage-shutterstock_243001456.jpg
110,0.0,0.0,0.0,0.9187745451927185,0.0,0.8981896638870239,0.0,0.0,0.0,0.9351084232330322,http://chicjournal.com/wp-content/uploads/2019/02/IMG_9715-2-1440x960.jpg
111,0.0,0.0,0.0,0.0,0.0,0.0,0.0,0.0,0.0,0.0,https://www.planetware.com/photos-large/MEX/mexico-cancun-excursions-chichen-itza-tulum.jpg
112,0.0,0.0,0.0,0.0,0.0,0.0,0.9066599011421204,0.0,0.0,0.0,https://media-cdn.tripadvisor.com/media/photo-s/13/42/06/de/oxygen-tours-koh-tao.jpg
113,0.8913570046424866,0.817379355430603,0.8890175223350525,0.0,0.0,0.0,0.0,0.0,0.6314029097557068,0.0,https://jetsettingfools.com/wp-content/uploads/2017/04/3-Day-Warsaw-Itinerary-A-SightSeeing-Guide.jpg
114,0.0,0.0,0.0,0.0,0.0,0.0,0.0,0.0,0.0,0.0,https://media-cdn.tripadvisor.com/media/photo-s/16/44/b9/08/3-hour-berlin-sightseeing.jpg
115,0.9762036204338074,0.0,0.0,0.0,0.0,0.0,0.0,0.0,0.9428256154060364,0.0,https://i.pinimg.com/originals/19/8d/22/198d228c4ad8ad6c57c5b219c85f2f78.jpg
116,0.9013980627059937,0.8976292014122009,0.9575936794281006,0.0,0.0,0.0,0.0,0.0,0.0,0.0,https://www.planetware.com/photos-large/B/belgium-brussels-royal-palace.jpg
117,0.9205096960067749,0.7871291637420654,0.7742523550987244,0.8477219939231873,0.0,0.8287564516067505,0.766288161277771,0.871628999710083,0.0,0.0,https://cdn.thecrazytourist.com/wp-content/uploads/2018/07/ccimage-shutterstock_1091916539.jpg
118,0.0,0.8785452842712402,0.0,0.9469294548034668,0.8220894932746887,0.9030836820602417,0.0,0.8481103777885437,0.0,0.8497491478919983,https://cdn.theculturetrip.com/images/56-3990983-14459876597d50168953db4b0bb2d2d0b24624be17.jpg
119,0.0,0.0,0.0,0.0,0.0,0.0,0.8474474549293518,0.0,0.0,0.0,http://static.asiawebdirect.com/m/phuket/portals/kosamui-com/homepage/tours/pagePropertiesImage/samui-tours.jpg.jpg
120,0.9248201847076416,0.9624404311180115,0.8319010734558105,0.0,0.0,0.0,0.0,0.0,0.0,0.0,https://www.indiatourismincredible.com/images/slider/sev2.jpg
121,0.9370046854019165,0.9277428388595581,0.9646732211112976,0.9249640703201294,0.0,0.9013912081718445,0.0,0.9002941846847534,0.0,0.9065075516700745,http://static.asiawebdirect.com/m/bangkok/portals/vietnam/homepage/ho-chi-minh-city/attractions/pagePropertiesImage/ho-chi-minh-attractions.jpg.jpg
122,0.0,0.6545118689537048,0.0,0.0,0.8220894932746887,0.0,0.802714467048645,0.0,0.0,0.0,https://www.tripyoda.com/wp-content/uploads/2018/01/Zhuhai-China-750x500.jpg
123,0.0,0.0,0.0,0.0,0.0,0.0,0.0,0.0,0.0,0.0,https://k6u8v6y8.stackpathcdn.com/blog/wp-content/uploads/2018/11/must-see-attractions-kuala-lumpur.jpg
124,0.0,0.0,0.0,0.0,0.0,0.0,0.7335869669914246,0.0,0.0,0.0,https://cancun-sightseeing.com/wp-content/uploads/2018/02/IMG_6319.jpg
125,0.0,0.0,0.0,0.0,0.0,0.0,0.8597032427787781,0.0,0.0,0.0,https://newcastlebeach.org/images/zhuhai-sightseeing-13.jpg
126,0.0,0.8605384230613708,0.842896580696106,0.0,0.0,0.0,0.0,0.0,0.7099733948707581,0.0,https://cdn.getyourguide.com/img/tour_img-1565334-146.jpg
127,0.9800469875335693,0.9150850772857666,0.9028977751731873,0.0,0.0,0.0,0.0,0.0,0.8774392008781433,0.0,http://www.indiaincredible.co.in/upload/data/categoryimg/8389delhi.jpg
128,0.0,0.9006657004356384,0.8363508582115173,0.0,0.0,0.0,0.0,0.0,0.874327540397644,0.0,https://media-cdn.tripadvisor.com/media/photo-s/17/28/63/b5/private-jerash-and-amman.jpg
129,0.0,0.0,0.0,0.0,0.9014298319816589,0.0,0.0,0.0,0.0,0.0,https://www.planetware.com/photos-large/THA/phuket-island.jpg
130,0.9654554724693298,0.8884065747261047,0.8856726884841919,0.9150108098983765,0.9453972578048706,0.0,0.0,0.8759021759033203,0.0,0.0,https://media-cdn.tripadvisor.com/media/photo-s/16/fc/7c/d4/highlights-of-mumbai.jpg
131,0.928507924079895,0.8924228549003601,0.8731646537780762,0.7776509523391724,0.9569038152694702,0.0,0.841229259967804,0.0,0.0,0.0,https://i2.wp.com/keepcalmandwander.com/wp-content/uploads/2017/08/Valladolid-One-Day-Sightseeing-Tour-Outside-Cancun.jpg?resize=690%2C920
132,0.9013980627059937,0.8755725622177124,0.8864985704421997,0.0,0.862245500087738,0.0,0.0,0.0,0.0,0.0,https://www.planetware.com/photos-large/USWI/us-wisconsin-madison-olbrich-botanical-gardens.jpg
133,0.9777602553367615,0.932465672492981,0.9209001660346985,0.0,0.9127334952354431,0.0,0.0,0.0,0.9097505211830139,0.0,https://www.telegraph.co.uk/content/dam/Travel/Destinations/Europe/United%20Kingdom/Scotland/Glasgow/Kelvin-glasgow-AP86078767.jpg?imwidth=450
134,0.0,0.0,0.0,0.0,0.0,0.0,0.0,0.0,0.0,0.0,https://media.timeout.com/images/103812417/630/472/image.jpg
135,0.9580419659614563,0.0,0.0,0.0,0.0,0.0,0.0,0.0,0.9683212041854858,0.0,https://mediaim.expedia.com/localexpert/414540/8854d087-6f93-4d1a-80ad-3ea8df590bfc.jpg?impolicy=resizecrop&rw=350&rh=197
136,0.9780384302139282,0.7632943391799927,0.0,0.0,0.8220894932746887,0.0,0.0,0.0,0.7353403568267822,0.0,https://scotlandwelcomesyou.com/wp-content/uploads/2018/04/kelpies-and-falkirk-wheel-half-day-tour-from-glasgow-in-glasgow-398492-300x200_opt.jpg
137,0.9610443115234375,0.0,0.0,0.8531074523925781,0.9706396460533142,0.0,0.0,0.0,0.0,0.0,http://static.asiawebdirect.com/m/kl/portals/kuala-lumpur-ws/homepage/attractions/pagePropertiesImage/kl-attractions.jpg.jpg
138,0.0,0.0,0.0,0.0,0.0,0.0,0.0,0.0,0.0,0.0,https://www.holidify.com/images/bgImages/CHENNAI%20.jpg
139,0.0,0.8556758165359497,0.912911057472229,0.0,0.0,0.0,0.0,0.0,0.8254184126853943,0.0,https://shenzhenshopper.com/wp-content/uploads/2016/05/IMG_0017-840x385.jpg
140,0.9462271928787231,0.9495503306388855,0.9117022156715393,0.7238500714302063,0.7326111197471619,0.0,0.0,0.0,0.0,0.0,https://www.planetware.com/photos-large/D/east-berlin-former-0.jpg
141,0.0,0.0,0.0,0.0,0.8220894932746887,0.0,0.9402482509613037,0.0,0.0,0.0,https://medellinguru.com/wp-content/uploads/2018/11/top-things-to-do-in-santa-marta-1024x640.jpg
142,0.8777039647102356,0.9047062397003174,0.8848533034324646,0.8615772128105164,0.0,0.8482491374015808,0.0,0.8992405533790588,0.7861403226852417,0.0,http://gabisworld.com/data_images/top_cityes/cartagena-spain/cartagena-spain-11.jpg
143,0.9742772579193115,0.8861968517303467,0.9223870635032654,0.0,0.0,0.0,0.0,0.0,0.8986162543296814,0.0,https://media.tacdn.com/media/attractions-splice-spp-360x240/06/74/ca/20.jpg
144,0.9205096960067749,0.8365494012832642,0.8890175223350525,0.971716582775116,0.0,0.9301208853721619,0.0,0.9108684659004211,0.0,0.0,https://media-cdn.tripadvisor.com/media/photo-s/17/7c/98/d0/bogota-city-sightseeing.jpg
145,0.9512330889701843,0.8723349571228027,0.8746705055236816,0.9664620757102966,0.8220894932746887,0.9198085069656372,0.0,0.9454218149185181,0.0,0.0,https://ak.jogurucdn.com/media/image/p15/activity-2016-01-10-19-a5d93f9c83bf6fdada5e31e9b4378571.jpg
146,0.9580419659614563,0.7263345718383789,0.0,0.0,0.7326111197471619,0.0,0.7515565156936646,0.0,0.7861403226852417,0.0,https://www.hongkongpass.com.hk/siteimg/newpages/big%20buddha%20guide%202.jpg
147,0.0,0.6545118689537048,0.0,0.0,0.0,0.0,0.7335869669914246,0.0,0.0,0.0,https://cache-graphicslib.viator.com/graphicslib/thumbs674x446/5694/SITours/city-sightseeing-cartagena-hop-on-hop-off-tour-in-cartagena-111290.jpg
148,0.963887631893158,0.8959888815879822,0.9223870635032654,0.9484210014343262,0.0,0.898873507976532,0.0,0.9157449007034302,0.0,0.8856580853462219,https://media-cdn.tripadvisor.com/media/photo-s/03/9b/2f/8f/ho-chi-minh-city.jpg
149,0.9153850078582764,0.0,0.0,0.0,0.0,0.0,0.680931568145752,0.0,0.0,0.0,https://media.tacdn.com/media/attractions-splice-spp-674x446/07/99/36/84.jpg
150,0.0,0.0,0.0,0.7069998979568481,0.8220894932746887,0.0,0.7335869669914246,0.0,0.0,0.0,https://theunconventionalroute.com/wp-content/uploads/2018/07/medellin-attractions-overrated-underrated-cover.jpg
151,0.0,0.843872606754303,0.8679829835891724,0.0,0.0,0.0,0.0,0.0,0.0,0.0,https://cdn02.visitbarcelona.com/files/5531-3973-imagenCAT/BarcelonaGaudi-T24-d_O.jpg
152,0.0,0.0,0.0,0.0,0.0,0.0,0.0,0.0,0.0,0.0,https://s.inyourpocket.com/gallery/53809.jpg
153,0.9153850078582764,0.0,0.0,0.0,0.0,0.0,0.766288161277771,0.0,0.8083660006523132,0.0,"https://images.thrillophilia.com/image/upload/s--I0t5nTqb--/c_fill,f_auto,fl_strip_profile,h_775,q_auto,w_1600/v1/images/photos/000/013/330/original/Agra_Sightseeing_Packages-Wikipedia.jpg.jpg?1458177773"
154,0.0,0.0,0.0,0.0,0.0,0.0,0.0,0.0,0.0,0.0,http://wanderingtrader.com/wp-content/uploads/2011/07/Cristo-Rey-Cali-Colombia.jpg
155,0.9317072033882141,0.8648796677589417,0.8472013473510742,0.8336886167526245,0.8220894932746887,0.0,0.0,0.0,0.0,0.0,https://media.tacdn.com/media/attractions-splice-spp-674x446/06/e6/41/d8.jpg
156,0.9610443115234375,0.9499765038490295,0.840728759765625,0.8543870449066162,0.0,0.0,0.0,0.0,0.7353403568267822,0.7360722422599792,https://cdn.getyourguide.com/img/tour_img-10197-148.jpg
157,0.0,0.8605384230613708,0.817916750907898,0.8710657358169556,0.0,0.8568889498710632,0.8512393832206726,0.8481103777885437,0.0,0.0,https://media-cdn.tripadvisor.com/media/photo-s/15/cb/81/5c/private-mumbai-sightseeing.jpg
158,0.9489173889160156,0.0,0.0,0.0,0.0,0.0,0.0,0.0,0.0,0.0,https://media-cdn.tripadvisor.com/media/photo-s/15/82/f2/d7/full-day-guatape-pueblo.jpg
159,0.9753602743148804,0.9237856268882751,0.9328016638755798,0.0,0.8220894932746887,0.0,0.0,0.0,0.0,0.0,https://www.phuketalltours.com/uploads/package_tours/tour_trip/tourtrip_1559320855984782353.jpg
160,0.9489173889160156,0.8723349571228027,0.8436166048049927,0.864895224571228,0.9482885003089905,0.0,0.0,0.0,0.8501455783843994,0.0,https://lonelyplanetimages.imgix.net/a/g/hi/t/4325bdf24da8cb3d129a26d3a77ecba2-amman.jpg?sharp=10&vib=20&w=1200
161,0.9733624458312988,0.8959888815879822,0.9575936794281006,0.8604326844215393,0.0,0.8190388083457947,0.0,0.8848963379859924,0.8083660006523132,0.9030477404594421,https://mediaim.expedia.com/localexpert/433919/7d8b2fe7-6f82-486a-ba87-46f15bd33e21.jpg?impolicy=resizecrop&rw=350&rh=197
162,0.0,0.0,0.0,0.0,0.0,0.0,0.0,0.0,0.0,0.0,https://cache-graphicslib.viator.com/graphicslib/thumbs674x446/9014/SITours/guayaquil-layover-sightseeing-tour-with-round-trip-airport-transport-in-guayaquil-338261.jpg
163,0.0,0.0,0.0,0.0,0.0,0.0,0.0,0.0,0.0,0.0,https://elturismoencolombia.com/en/wp-content/uploads/2017/06/tourist_attractions_barranquilla_travel_colombia.jpg
164,0.9013980627059937,0.8501737713813782,0.8550388216972351,0.0,0.862245500087738,0.0,0.0,0.0,0.0,0.0,https://media-cdn.tripadvisor.com/media/photo-s/16/06/01/15/ko-samui-city-tour-including.jpg
165,0.0,0.0,0.0,0.0,0.0,0.0,0.6085109710693359,0.0,0.0,0.0,https://isangoassets.isango.com/productimages/product/21108/Cartagena_23593_3.jpg
166,0.0,0.0,0.0,0.0,0.0,0.0,0.0,0.0,0.0,0.0,https://www.planetware.com/photos-tiles/rockport-massachusetts-united-states.jpg
167,0.9205096960067749,0.6545118689537048,0.7692614197731018,0.0,0.0,0.0,0.6617092490196228,0.0,0.8881412148475647,0.0,https://www.spain.info/export/sites/spaininfo/comun/galeria_imagenes/destinos/p2_casco_historico_cuenca_t.jpg_369272544.jpg
168,0.0,0.8687887787818909,0.9071286916732788,0.0,0.0,0.0,0.7592620849609375,0.823354184627533,0.0,0.0,http://static.asiawebdirect.com/m/bangkok/portals/vietnam/homepage/ho-chi-minh-city/top10/top10-ho-chi-minh-attractions/pagePropertiesImage/best-attractions-ho-chi-minh.jpg.jpg
169,0.9610443115234375,0.0,0.0,0.9294447898864746,0.0,0.918253481388092,0.9029396176338196,0.823354184627533,0.0,0.0,https://cdn.bajabikes.eu/wp-content/uploads/2017/09/07122913/reiswijzer-la-candelaria-bogota-546.jpg
170,0.9153850078582764,0.8501737713813782,0.8607494235038757,0.0,0.0,0.0,0.0,0.0,0.9136427044868469,0.0,https://previews.123rf.com/images/aneese/aneese1605/aneese160500016/59109446-tourist-sightseeing-the-mayan-temples-at-tulum-mexico.jpg
171,0.9801885485649109,0.9341208934783936,0.8864985704421997,0.8370761871337891,0.0,0.8428758978843689,0.0,0.0,0.0,0.0,https://img1.10bestmedia.com/Images/Photos/186855/Montjuic_55_660x440_201404231221.jpg
172,0.0,0.0,0.0,0.0,0.0,0.0,0.0,0.0,0.0,0.0,https://china.findworkabroad.com/img/city-guide/zhuhai-beach.jpg
173,0.0,0.0,0.0,0.0,0.0,0.0,0.0,0.0,0.0,0.0,https://media-cdn.tripadvisor.com/media/photo-s/04/3a/0b/b4/la-laguna-de-la-cocha.jpg
174,0.0,0.0,0.0,0.0,0.0,0.0,0.7335869669914246,0.0,0.0,0.0,https://newcastlebeach.org/images/zhuhai-sightseeing-10.jpg
175,0.9799753427505493,0.8991857171058655,0.937140166759491,0.9530118703842163,0.862245500087738,0.893509030342102,0.0,0.871628999710083,0.0,0.0,https://www.planetware.com/photos-large/SCO/scotland-glasgow-george-square.jpg
176,0.0,0.0,0.0,0.9935681819915771,0.0,0.9404426217079163,0.0,0.0,0.0,0.9890588521957397,https://i.ytimg.com/vi/xQXsKNScdQo/maxresdefault.jpg
177,0.9733624458312988,0.8687887787818909,0.8529036045074463,0.9425269365310669,0.0,0.9238196015357971,0.0,0.0,0.0,0.0,https://cache-graphicslib.viator.com/graphicslib/thumbs360x240/2200/SITours/brussels-sightseeing-tour-including-the-european-parliament-in-brussels-120860.jpg
178,0.9476251006126404,0.8942565321922302,0.8015407919883728,0.0,0.9281086325645447,0.0,0.0,0.0,0.0,0.0,http://static.asiawebdirect.com/m/phuket/portals/kosamui-com/homepage/tours/day-trips-excursions/pagePropertiesImage/samui-day-trips-excursions.jpg
179,0.0,0.843872606754303,0.0,0.0,0.8857545852661133,0.0,0.7109197974205017,0.0,0.0,0.6908340454101562,http://www.ducktours.com.sg/images/products/attract/singapore-attraction-pass-03.jpg
180,0.9392302632331848,0.9212028384208679,0.937140166759491,0.8776041269302368,0.0,0.0,0.0,0.0,0.0,0.0,http://www.ecuadorexplorer.com/wp-content/uploads/2015/06/cuenca-cathedrals.jpg
181,0.0,0.0,0.0,0.0,0.0,0.0,0.0,0.0,0.0,0.0,https://www.planetware.com/photos-tiles/us-wisconsin-dells-of-the-wisconsin-river.jpg
182,0.9370046854019165,0.8755725622177124,0.0,0.8243765234947205,0.9014298319816589,0.0,0.0,0.0,0.0,0.0,https://media.tacdn.com/media/attractions-splice-spp-674x446/06/74/0d/f7.jpg
183,0.0,0.0,0.6696145534515381,0.0,0.0,0.0,0.6617092490196228,0.0,0.0,0.0,https://media.tacdn.com/media/attractions-splice-spp-674x446/07/20/90/d0.jpg?fit=crop&w=320&h=140
184,0.9013980627059937,0.8042545914649963,0.0,0.0,0.0,0.0,0.0,0.8584732413291931,0.0,0.0,https://media.tacdn.com/media/attractions-splice-spp-674x446/06/6f/50/ac.jpg
185,0.928507924079895,0.0,0.8086965084075928,0.0,0.8857545852661133,0.0,0.0,0.0,0.79804927110672,0.0,https://media.tacdn.com/media/attractions-splice-spp-674x446/07/35/e8/6b.jpg
186,0.9248201847076416,0.0,0.0,0.9872371554374695,0.0,0.9342576861381531,0.0,0.0,0.0,0.9879711866378784,http://static.asiawebdirect.com/m/phuket/portals/hong-kong-hotels-ws/homepage/attractions/10mustsee/pagePropertiesImage/best-things-to-do-hong-kong.jpg.jpg
187,0.0,0.919804573059082,0.9272193908691406,0.7552539110183716,0.0,0.0,0.0,0.9205268621444702,0.0,0.0,https://www.planetware.com/photos-large/B/belgium-leuven-oude-markt.jpg
188,0.8777039647102356,0.8687887787818909,0.9194647669792175,0.0,0.7326111197471619,0.0,0.0,0.0,0.0,0.0,https://www.phuketalltours.com/uploads/package_tours/tour_trip/tourtrip_15593208551693543873.jpg
189,0.0,0.0,0.8881706595420837,0.7978506684303284,0.0,0.8190388083457947,0.0,0.0,0.0,0.8951684832572937,https://drwyjmricaxm7.cloudfront.net/repository/1551431936-4915-8d_crop_flip_800_450_f2f2f2_center-center.jpg
190,0.0,0.8042545914649963,0.9167296886444092,0.0,0.7326111197471619,0.0,0.0,0.0,0.0,0.0,https://www.planetware.com/photos-large/CAM/cambodia-phnom-penh-national-museum.jpg
191,0.9711816906929016,0.9113913178443909,0.9575936794281006,0.8263457417488098,0.0,0.0,0.0,0.0,0.0,0.0,https://www.planetware.com/wpimages/2018/12/washington-dc-attractions-united-states-capitol.jpg
192,0.9532526731491089,0.8556758165359497,0.0,0.0,0.0,0.0,0.0,0.8293768167495728,0.0,0.0,https://media.tacdn.com/media/attractions-splice-spp-674x446/06/70/80/23.jpg
193,0.9447088241577148,0.8785452842712402,0.8864985704421997,0.0,0.0,0.0,0.0,0.0,0.945769190788269,0.0,http://d1y1pi6zg8s43u.cloudfront.net/wp-content/uploads/2017/12/Fatehpur-Sikri-1-day-tour.jpg
194,0.9691181182861328,0.9705113768577576,0.9328016638755798,0.0,0.0,0.0,0.0,0.0,0.0,0.0,http://cache-graphicslib.viator.com/graphicslib/thumbs674x446/2140/SITours/barcelona-in-one-day-sightseeing-tour-in-barcelona-510989.jpg
195,0.0,0.0,0.0,0.9651159644126892,0.9127334952354431,0.914667546749115,0.0,0.0,0.0,0.9266918897628784,https://www.moneycrashers.com/wp-content/uploads/2018/03/madison-wisconsin-activities-attractionsr-1068x713.jpg
196,0.9248201847076416,0.8042545914649963,0.8848533034324646,0.949929416179657,0.0,0.920229434967041,0.0,0.9569264650344849,0.0,0.0,https://drwyjmricaxm7.cloudfront.net/repository/warsaw-sightseeing-tour-with-english-speaking-guide-in-warsaw-284181_crop_flip_800_450_f2f2f2_center-center.jpg
197,0.0,0.817379355430603,0.8564633131027222,0.9578710198402405,0.0,0.9244986772537231,0.8204382061958313,0.9597930312156677,0.0,0.0,https://cdn.thecrazytourist.com/wp-content/uploads/2018/07/ccimage-shutterstock_559200511.jpg
198,0.9392302632331848,0.9480059742927551,0.8724164366722107,0.0,0.0,0.0,0.7430498003959656,0.0,0.0,0.0,https://media.tacdn.com/media/attractions-splice-spp-674x446/06/6f/5d/13.jpg
199,0.9587007164955139,0.934907078742981,0.9194647669792175,0.9812553524971008,0.9127334952354431,0.9322168231010437,0.0,0.935958743095398,0.0,0.0,https://www.planetware.com/photos-large/B/belgium-brussels-grand-place.jpg
200,0.9370046854019165,0.7263345718383789,0.6496437191963196,0.0,0.8857545852661133,0.0,0.7109197974205017,0.0,0.0,0.0,https://theculturetrip.com/wp-content/uploads/2017/01/mini-europe--mini-europe-courtesy-of-visitbrussels-be_.jpg
201,0.9803277850151062,0.8861968517303467,0.0,0.0,0.0,0.0,0.8581140041351318,0.0,0.9596107006072998,0.0,https://img.theculturetrip.com/768x432/wp-content/uploads/2017/02/6648931569_b7d048b66b_o.jpg
202,0.0,0.0,0.0,0.0,0.0,0.0,0.0,0.0,0.0,0.0,https://www.samuipedia.com/wp-content/uploads/2015/04/sightseeing-tour-to-Koh-Tao.jpg
203,0.9630138874053955,0.8785452842712402,0.898934006690979,0.8882865309715271,0.8857545852661133,0.8428758978843689,0.0,0.88646399974823,0.0,0.8497491478919983,https://www.planetware.com/photos-large/COL/colombia-medellin-skyline.jpg
204,0.9489173889160156,0.9501872658729553,0.0,0.6214529275894165,0.9213254451751709,0.0,0.0,0.0,0.0,0.0,https://www.mytourpackage.in/assets/uploads/tourimg/1526559004_-delhi.jpg
205,0.0,0.0,0.0,0.0,0.0,0.0,0.0,0.0,0.0,0.0,https://media-cdn.tripadvisor.com/media/photo-s/18/8c/56/09/tulum-mayan-ruins-excursion.jpg
206,0.0,0.8648796677589417,0.8529036045074463,0.0,0.0,0.8428758978843689,0.0,0.9569264650344849,0.0,0.0,http://www.orangesmile.com/common/img_cities_original/guayaquil--927505-40.jpg
207,0.9713851809501648,0.9150850772857666,0.9105214476585388,0.8301183581352234,0.0,0.0,0.0,0.0,0.0,0.0,http://www.discoverleuven.com/images/Library/library.jpg
208,0.8777039647102356,0.7263345718383789,0.0,0.744107186794281,0.0,0.0,0.7515565156936646,0.0,0.0,0.0,https://www.sightseeingpass.com/images/homepage/washington-dc/washington-dc-enjoy.jpg
209,0.9153850078582764,0.0,0.0,0.0,0.0,0.0,0.0,0.0,0.0,0.0,https://cdn.getyourguide.com/img/tour_img-853832-148.jpg
210,0.9541700482368469,0.9059367775917053,0.9105214476585388,0.0,0.9336194396018982,0.0,0.0,0.0,0.0,0.0,https://www.planetware.com/photos-large/CAM/cambodia-phnom-penh-royal-palace.jpg
211,0.0,0.0,0.0,0.0,0.0,0.0,0.0,0.0,0.0,0.0,https://www.jaipurtravel.com/jaipur%20photoes/Birla-temple-2.jpg
212,0.0,0.0,0.0,0.0,0.0,0.0,0.0,0.8584732413291931,0.0,0.0,https://media.tacdn.com/media/attractions-splice-spp-674x446/07/75/a5/ea.jpg
213,0.9587007164955139,0.8278814554214478,0.8593178391456604,0.9657823443412781,0.0,0.9225733280181885,0.0,0.9472143650054932,0.0,0.0,https://media-cdn.tripadvisor.com/media/photo-s/01/29/85/7c/caption.jpg
214,0.0,0.7871291637420654,0.6650701761245728,0.0,0.0,0.0,0.0,0.0,0.0,0.0,https://assets.isango.com/NinjaResourcesPOC1/images/Adapt/pc/lst_V1.jpg
215,0.9593280553817749,0.902075469493866,0.9049757122993469,0.9304267764091492,0.0,0.8959844708442688,0.0,0.8552772998809814,0.0,0.8951684832572937,https://www.planetware.com/photos-large/B/belgium-brussels-mont-des-arts.jpg
216,0.9091620445251465,0.7263345718383789,0.0,0.0,0.0,0.0,0.0,0.0,0.0,0.0,https://isangoassets.isango.com/productimages/product/3790/Edinburgh_5121_1.jpg
217,0.9392302632331848,0.0,0.8521918654441833,0.0,0.0,0.0,0.794054388999939,0.0,0.965295672416687,0.0,http://www.transindiatravels.com/wp-content/uploads/agra-fort.jpg
218,0.9776653051376343,0.9670502543449402,0.7223970293998718,0.0,0.8220894932746887,0.0,0.0,0.0,0.0,0.0,"https://images.thrillophilia.com/image/upload/s--Efrd-mZ8--/c_fill,f_auto,fl_strip_profile,h_600,q_auto,w_975/v1/images/photos/000/072/596/original/1465206475_maindp.jpg.jpg?1465206475"
219,0.0,0.0,0.0,0.9935681819915771,0.0,0.9409871101379395,0.0,0.0,0.0,0.9921570420265198,https://www.oneandonlyresorts.com/-/media/oneandonly/the-palm/activities/detail/dubai-sightseeing/1440x600/one-and-only-the-palm-dubai-sightseeing.jpg?v3
220,0.0,0.922527551651001,0.9422406554222107,0.0,0.7326111197471619,0.0,0.0,0.0,0.0,0.0,https://img.traveltriangle.com/blog/wp-content/uploads/2018/10/cover-for-attractions-in-ho-chi-minh.jpg
221,0.9205096960067749,0.919804573059082,0.9167296886444092,0.0,0.0,0.0,0.0,0.0,0.9624371528625488,0.0,https://media.tacdn.com/media/attractions-splice-spp-674x446/07/35/ff/cb.jpg
222,0.9732000231742859,0.0,0.0,0.0,0.0,0.0,0.8841183185577393,0.0,0.9608654379844666,0.0,https://5.imimg.com/data5/MY/OQ/GLADMIN-51194010/jaipur-sightseeing-tour-500x500.jpg
223,0.9723389148712158,0.0,0.0,0.0,0.8220894932746887,0.0,0.8234620094299316,0.0,0.874327540397644,0.0,https://cdn.thecrazytourist.com/wp-content/uploads/2018/07/ccimage-shutterstock_694353502.jpg
224,0.9696170091629028,0.9371204376220703,0.9646732211112976,0.9651159644126892,0.0,0.9200201630592346,0.0,0.0,0.0,0.9392228126525879,https://www.planetware.com/photos-tiles/boston-massachusetts-united-states-faneuil-hall.jpg
225,0.9593280553817749,0.9150850772857666,0.8848533034324646,0.0,0.9706396460533142,0.0,0.0,0.0,0.0,0.0,"http://poznan.travel/uploaded/File/The%20Cathedral,%20R_%20Maciejewski%20-%20Poznan.jpg"
226,0.9091620445251465,0.9190755486488342,0.912911057472229,0.0,0.0,0.0,0.0,0.0,0.79804927110672,0.0,https://media.tacdn.com/media/attractions-splice-spp-360x240/06/72/f3/ee.jpg
227,0.0,0.0,0.0,0.0,0.0,0.0,0.0,0.0,0.0,0.0,https://drwyjmricaxm7.cloudfront.net/repository/Bogota-City-Sightseeing-Tour--On-The-Go-Tours-446881505832856_crop_flip_800_450_f2f2f2_center-center.jpg
228,0.0,0.0,0.0,0.0,0.0,0.0,0.0,0.0,0.0,0.0,https://media2.trover.com/T/5508f66b8e7cb268cf000b0f/fixedw_large_4x.jpg
229,0.928507924079895,0.9482319355010986,0.9525967240333557,0.0,0.0,0.0,0.0,0.0,0.0,0.0,http://www.orangesmile.com/common/img_cities_original/leuven--1963947-0.jpg
230,0.0,0.0,0.0,0.0,0.8220894932746887,0.0,0.0,0.8440616726875305,0.0,0.0,https://www.planetware.com/photos-large/COL/colombia-medellin-metro-cable.jpg
231,0.9489173889160156,0.8278814554214478,0.0,0.8955227732658386,0.8220894932746887,0.8528644442558289,0.9060601592063904,0.0,0.0,0.9203581213951111,https://cache-graphicslib.viator.com/graphicslib/thumbs674x446/45610/SITours/marina-bay-and-gardens-by-the-bay-sightseeing-tour-in-singapore-600625.jpg
232,0.0,0.7263345718383789,0.0,0.82234787940979,0.0,0.8190388083457947,0.0,0.0,0.0,0.7680988907814026,https://www.barcelonapass.com/images/home/mobile_banner_home.jpg
233,0.9593280553817749,0.9123634696006775,0.9422406554222107,0.9244588017463684,0.9550930857658386,0.8482491374015808,0.0,0.8958699703216553,0.0,0.9266918897628784,http://static.asiawebdirect.com/m/bangkok/portals/vietnam/homepage/ho-chi-minh-city/tours/pagePropertiesImage/ho-chi-minh-tour.jpg.jpg
234,0.9392302632331848,0.6545118689537048,0.0,0.0,0.8220894932746887,0.0,0.8066632747650146,0.0,0.0,0.0,https://i.ytimg.com/vi/WZ76qbjAAB8/maxresdefault.jpg
235,0.0,0.6545118689537048,0.0,0.0,0.0,0.0,0.0,0.0,0.0,0.0,https://www.tirupatibalajidarshanbooking.co.in/images/chennai-sightseeing-tours.jpg
236,0.0,0.0,0.0,0.9578710198402405,0.9585431814193726,0.8896723389625549,0.0,0.0,0.0,0.0,https://www.planetware.com/photos-large/HK/hong-kong-star-ferry-sailing.jpg
237,0.8913570046424866,0.9006657004356384,0.8784971237182617,0.9133555889129639,0.0,0.8690477609634399,0.8263450860977173,0.9068670868873596,0.0,0.0,https://upload.wikimedia.org/wikipedia/commons/8/85/Iglesia_San_Juan_Bautista_de_Pasto.JPG
238,0.9013980627059937,0.6545118689537048,0.8672521114349365,0.0,0.0,0.0,0.0,0.0,0.9004215598106384,0.0,https://previews.123rf.com/images/aneese/aneese1605/aneese160500108/59106093-tourist-sightseeing-the-mayan-temples-at-tulum-mexico.jpg
239,0.9153850078582764,0.7263345718383789,0.6988293528556824,0.0,0.0,0.0,0.0,0.0,0.0,0.9030477404594421,https://cache-graphicslib.viator.com/graphicslib/thumbs674x446/5694/SITours/city-sightseeing-dubai-hop-on-hop-off-tour-in-dubai-174580.jpg
240,0.0,0.0,0.0,0.0,0.0,0.0,0.0,0.0,0.0,0.0,http://cdn77.orangesmile.com/common/img_cities_w680/guayaquil--927505-40.jpg
241,0.8913570046424866,0.0,0.0,0.0,0.0,0.0,0.0,0.8396362066268921,0.0,0.0,https://media.tacdn.com/media/attractions-splice-spp-674x446/06/6f/50/ae.jpg
242,0.0,0.6545118689537048,0.0,0.0,0.7326111197471619,0.0,0.0,0.0,0.0,0.0,https://elturismoencolombia.com/en/wp-content/uploads/2017/05/santa_marta_monumento_pibe_colombia_travel.jpg
243,0.0,0.0,0.0,0.0,0.0,0.0,0.0,0.0,0.0,0.0,https://www.jaipurtravel.com/jaipur18.jpg
244,0.9013980627059937,0.929259717464447,0.9328016638755798,0.0,0.7326111197471619,0.0,0.0,0.0,0.8448357582092285,0.0,"https://img.traveltriangle.com/blog/wp-content/tr:w-700,h-400/uploads/2015/07/Amer-Fort.jpg"
245,0.0,0.0,0.0,0.0,0.0,0.0,0.0,0.0,0.0,0.0,https://www.oyorooms.com/travel-guide/wp-content/uploads/2019/01/San-Thome-Cathedral.jpg
246,0.0,0.0,0.0,0.0,0.0,0.0,0.0,0.0,0.0,0.0,https://www.traveltomtom.net/images/nieuwe_indeling/artikels/thailand/kohtao/best_things_to_do/best_things_to_do_in_koh_tao.jpg
247,0.0,0.0,0.0,0.7776509523391724,0.0,0.0,0.7786710858345032,0.0,0.0,0.0,http://www.tour-beijing.com/blog/wp-content/uploads/Statue-of-Fisher-Girl.jpg
248,0.9758527874946594,0.8042545914649963,0.0,0.0,0.9724588990211487,0.0,0.0,0.0,0.0,0.0,https://cdn2.veltra.com/ptr/20170613090606_1771040283_13446_0.jpg?imwidth=550&impolicy=custom
249,0.9625511169433594,0.0,0.9117022156715393,0.9693403840065002,0.9281086325645447,0.9046363830566406,0.0,0.0,0.0,0.9478839635848999,https://cdn.projectexpedition.com/photos/5c7830a916a82_sized.jpg
250,0.0,0.9587311148643494,0.0,0.5619292855262756,0.0,0.0,0.0,0.0,0.0,0.8110857009887695,https://media.dayoutwiththekids.co.uk/media/18224/glasgow-7-156.jpg?anchor=center&mode=crop&quality=75&width=1680&height=940
251,0.9693707823753357,0.817379355430603,0.8514800071716309,0.0,0.862245500087738,0.0,0.0,0.0,0.839006781578064,0.0,https://i1.wp.com/oneday.tours/wp-content/uploads/one-day-agra-local-sightseeing-tour-package-private-cab-header.jpg?resize=1200%2C640&ssl=1
252,0.0,0.0,0.0,0.0,0.0,0.0,0.0,0.0,0.0,0.0,http://static.asiawebdirect.com/m/phuket/portals/kosamui-com/homepage/tours/jungle-safari-tour1/pagePropertiesImage/samui-jungle-safari-tour.jpg
253,0.9711816906929016,0.9113913178443909,0.948600709438324,0.9464355111122131,0.0,0.9082326292991638,0.0,0.8958699703216553,0.0,0.0,https://www.planetware.com/photos-tiles/ireland-glasgow-city-hall-1.jpg
254,0.0,0.0,0.0,0.0,0.0,0.0,0.0,0.0,0.7861403226852417,0.0,https://cdn.thecrazytourist.com/wp-content/uploads/2018/07/ccimage-shutterstock_363483647.jpg
255,0.9013980627059937,0.9082483649253845,0.828885018825531,0.7158370614051819,0.8220894932746887,0.0,0.8887074589729309,0.0,0.0,0.0,https://washington-org.s3.amazonaws.com/s3fs-public/hero-image-lincoln-memorial-in-summer.jpg
256,0.9476251006126404,0.9388192296028137,0.9452129602432251,0.0,0.0,0.0,0.0,0.0,0.7861403226852417,0.0,https://media-cdn.tripadvisor.com/media/photo-s/15/d6/22/a2/full-day-phnom-penh-sightseein.jpg
257,0.0,0.0,0.0,0.0,0.0,0.0,0.0,0.0,0.0,0.0,https://cache-graphicslib.viator.com/graphicslib/destination/santa-marta-153090.jpg
258,0.9091620445251465,0.0,0.0,0.0,0.0,0.0,0.0,0.0,0.8174101114273071,0.0,https://d3hne3c382ip58.cloudfront.net/resized/400x400/sightseeing-attractions-culture-and-history-tours-in-cancun-400X400_.JPG
259,0.0,0.8904770016670227,0.9395731091499329,0.0,0.7326111197471619,0.0,0.6382286548614502,0.0,0.0,0.0,https://media.tacdn.com/media/attractions-splice-spp-674x446/07/3c/d0/1e.jpg
260,0.0,0.0,0.0,0.0,0.0,0.0,0.0,0.0,0.0,0.0,https://media-cdn.tripadvisor.com/media/photo-s/14/da/e0/cf/turibus-en-cuenca-la.jpg
261,0.0,0.0,0.0,0.0,0.0,0.0,0.0,0.0,0.0,0.0,https://media-cdn.tripadvisor.com/media/photo-s/16/09/76/67/best-brussels-sightseeing.jpg
262,0.0,0.0,0.0,0.0,0.8220894932746887,0.0,0.0,0.0,0.0,0.0,https://i1.wp.com/keepcalmandwander.com/wp-content/uploads/2017/08/Chitchen-Itza-Mexico-One-Day-Sightseeing-Tour-Outside-Cancun2.jpg?fit=690%2C452
263,0.9091620445251465,0.8042545914649963,0.7778225541114807,0.0,0.0,0.0,0.7841706275939941,0.0,0.9545613527297974,0.0,https://media-cdn.tripadvisor.com/media/attractions-splice-spp-540x360/06/e7/1f/93.jpg
264,0.0,0.0,0.0,0.9396267533302307,0.0,0.9007918834686279,0.0,0.0,0.0,0.9247081279754639,https://www.planetware.com/wpimages/2018/12/united-arab-emirates-dubai-attractions-ras-al-khor-wildlife-sanctuary.jpg
265,0.0,0.0,0.0,0.0,0.0,0.0,0.0,0.0,0.0,0.0,https://media.timeout.com/images/103370389/image.jpg
266,0.0,0.0,0.0,0.9872371554374695,0.0,0.9402689933776855,0.0,0.0,0.0,0.9909752011299133,https://media-cdn.tripadvisor.com/media/photo-s/15/89/00/79/shenzhen-sightseeing.jpg
267,0.0,0.0,0.0,0.0,0.0,0.0,0.0,0.0,0.0,0.0,https://media-cdn.tripadvisor.com/media/photo-s/0a/36/9f/fe/centro-historico-de-pasto.jpg
268,0.9013980627059937,0.0,0.0,0.7498757839202881,0.862245500087738,0.0,0.8317318558692932,0.0,0.0,0.0,https://img1.10bestmedia.com/Images/Photos/232354/p-CNH-TMP-PLN-8001_55_660x440_201404241405.JPG
269,0.0,0.0,0.0,0.9798563122749329,0.0,0.9319592714309692,0.0,0.0,0.0,0.9735413789749146,http://www.wegoplaces.com/User%20Interface/Images/Itinerary%20Item%20Images/USA/MA/Boston/Best4/USA_MA_Boston_1.jpg
270,0.9091620445251465,0.9378145933151245,0.9239311814308167,0.0,0.8220894932746887,0.0,0.0,0.0,0.0,0.0,https://media.tacdn.com/media/attractions-splice-spp-674x446/06/72/f3/ee.jpg
271,0.0,0.0,0.8273598551750183,0.0,0.7326111197471619,0.0,0.0,0.0,0.7353403568267822,0.0,https://media-cdn.tripadvisor.com/media/photo-s/15/32/9e/3a/maya-ruins-of-tulum-skip.jpg
272,0.9610443115234375,0.9461260437965393,0.930837094783783,0.0,0.8857545852661133,0.0,0.0,0.0,0.0,0.0,https://www.planetware.com/photos-large/B/belgium-leuven-st-peters-church.jpg
273,0.9630138874053955,0.8838308453559875,0.8840399980545044,0.9219056367874146,0.9453972578048706,0.0,0.0,0.8848963379859924,0.0,0.0,https://media-cdn.tripadvisor.com/media/attractions-splice-spp-540x360/06/6a/c4/f0.jpg
274,0.9820840954780579,0.9446210861206055,0.0,0.923443078994751,0.0,0.0,0.0,0.0,0.0,0.9592637419700623,https://assets.traveltriangle.com/blog/wp-content/uploads/2016/02/Petronas-Twin-Towers-in-Kuala-Lumpur.jpg
275,0.0,0.0,0.0,0.0,0.0,0.0,0.865618884563446,0.0,0.0,0.0,https://www.planetware.com/wpimages/2019/08/mexico-cancun-top-attractions-scenic-tower-xcaret.jpg
276,0.9807984232902527,0.8884065747261047,0.8679829835891724,0.0,0.0,0.0,0.8454499244689941,0.0,0.9257919788360596,0.0,https://www.travelogyindia.com/blog/wp-content/uploads/2019/07/Tourist-Places-to-visit-in-Agra.jpg
277,0.9248201847076416,0.8785452842712402,0.9082363247871399,0.9396267533302307,0.0,0.9013912081718445,0.0,0.9549364447593689,0.0,0.0,https://media-cdn.tripadvisor.com/media/photo-s/15/8c/11/d2/warsaw-sightseeing-tour.jpg
278,0.0,0.0,0.0,0.0,0.0,0.0,0.0,0.0,0.0,0.0,https://media-cdn.tripadvisor.com/media/photo-s/15/32/81/42/the-real-phuket-sightseeing.jpg
279,0.0,0.0,0.0,0.0,0.0,0.0,0.0,0.0,0.0,0.0,https://elturismoencolombia.com/en/wp-content/uploads/2017/06/barranquilla_museo_caribe_colombia_travel-270x160.jpg
280,0.9317072033882141,0.7632943391799927,0.8250483870506287,0.0,0.862245500087738,0.8190388083457947,0.0,0.0,0.8174101114273071,0.0,https://media-cdn.tripadvisor.com/media/photo-s/16/e6/47/97/cancun-super-saver-tulum.jpg
281,0.8777039647102356,0.6545118689537048,0.6650701761245728,0.0,0.0,0.0,0.5688954591751099,0.0,0.0,0.0,https://cdn.theculturetrip.com/wp-content/uploads/2018/01/064edit.jpg
282,0.9091620445251465,0.0,0.0,0.9274669885635376,0.9648829102516174,0.8714070916175842,0.0,0.0,0.0,0.8669013977050781,https://www.holidaygenie.com/blog/wp-content/uploads/2018/07/kuala-lumpur-850x459.jpg
283,0.9604977965354919,0.9609254598617554,0.7491106390953064,0.0,0.0,0.0,0.8547860383987427,0.0,0.8967245221138,0.0,https://ihpl.b-cdn.net/pictures/tourgallery/757/tour-to-dream-city-mumbai-4918.jpg
284,0.0,0.0,0.0,0.9785924553871155,0.0,0.9305212497711182,0.0,0.0,0.0,0.989411473274231,https://media-cdn.tripadvisor.com/media/photo-s/15/cb/83/ae/shenzhen-day-tour-from.jpg
285,0.9593280553817749,0.9328904151916504,0.9180760383605957,0.0,0.0,0.0,0.0,0.0,0.0,0.0,https://www.planetware.com/photos-large/SCO/city-center.jpg
286,0.0,0.0,0.0,0.0,0.0,0.0,0.0,0.0,0.0,0.0,https://media-cdn.tripadvisor.com/media/photo-s/07/63/a0/2c/getlstd-property-photo.jpg
287,0.8913570046424866,0.7263345718383789,0.8436166048049927,0.7552539110183716,0.0,0.0,0.766288161277771,0.9316032528877258,0.0,0.0,https://d3hne3c382ip58.cloudfront.net/resized/400x400/city-sightseeing-tours-in-brussels-400X400_.JPG
288,0.9013980627059937,0.0,0.0,0.0,0.0,0.0,0.0,0.0,0.9123932123184204,0.0,http://www.ecuadorexplorer.com/wp-content/uploads/2015/06/ingapirca.jpg
289,0.8913570046424866,0.6545118689537048,0.0,0.0,0.0,0.0,0.7109197974205017,0.0,0.0,0.0,https://media-cdn.tripadvisor.com/media/photo-s/17/91/6e/14/guayaquil-city-tour-lunch.jpg
290,0.9709736704826355,0.8723349571228027,0.8657962679862976,0.922420084476471,0.0,0.9157682061195374,0.5688954591751099,0.0,0.0,0.0,https://media-cdn.tripadvisor.com/media/photo-s/0d/f4/de/34/brussels-sightseeing.jpg
291,0.9593280553817749,0.0,0.0,0.9343199133872986,0.0,0.8714070916175842,0.0,0.0,0.0,0.9303328394889832,https://previews.123rf.com/images/yjrwww/yjrwww1610/yjrwww161000852/68158334-window-of-the-world-uff0c-shenzhen-attractions.jpg
292,0.9793014526367188,0.9133018255233765,0.0,0.9484210014343262,0.9530806541442871,0.0,0.0,0.0,0.0,0.9823617935180664,http://static.asiawebdirect.com/m/phuket/portals/hong-kong-hotels-ws/homepage/attractions/pagePropertiesImage/hong-kong-attractions.jpg.jpg
293,0.9447088241577148,0.9690981507301331,0.8024595379829407,0.0,0.0,0.0,0.6970807909965515,0.0,0.7099733948707581,0.0,https://media-cdn.tripadvisor.com/media/photo-s/15/c0/24/a6/private-mumbai-sightseeing.jpg
294,0.9691181182861328,0.8501737713813782,0.861466646194458,0.0,0.0,0.0,0.0,0.0,0.9182230234146118,0.0,https://www.travelchinaguide.com/images/photogallery/2009/shenzhen-attraction.jpg
295,0.9370046854019165,0.0,0.0,0.9753290414810181,0.9336194396018982,0.9271687269210815,0.0,0.0,0.0,0.9848169088363647,https://cdn.thecrazytourist.com/wp-content/uploads/2019/02/ccimage-shutterstock_687616957.jpg
296,0.8913570046424866,0.8501737713813782,0.7754579782485962,0.7948526740074158,0.0,0.0,0.9287369847297668,0.8970305323600769,0.0,0.0,https://media.tacdn.com/media/attractions-splice-spp-674x446/07/3d/2b/95.jpg
297,0.9370046854019165,0.843872606754303,0.8195297718048096,0.0,0.8220894932746887,0.0,0.0,0.0,0.8856949210166931,0.0,https://www.planetware.com/photos-large/E/spain-cuenca-belmonte-castle.jpg
298,0.9412347674369812,0.7871291637420654,0.842896580696106,0.0,0.7326111197471619,0.0,0.0,0.0,0.6314029097557068,0.0,https://static-blog.treebo.com/wp-content/uploads/2018/05/Kapaleeshwarar-Temple.jpg
299,0.0,0.0,0.0,0.0,0.0,0.0,0.0,0.0,0.0,0.0,https://isangoassets.isango.com/productimages/product/22893/Cartagena_23593_1.JPG
300,0.8777039647102356,0.0,0.0,0.0,0.9127334952354431,0.0,0.0,0.0,0.0,0.0,https://www.planetware.com/photos-tiles/california-san-francisco-golden-gate-bridge.jpg
301,0.9205096960067749,0.0,0.0,0.9294447898864746,0.9336194396018982,0.8850084543228149,0.0,0.0,0.0,0.953582227230072,https://www.planetware.com/photos-large/SIN/singapore-marina-bay-sands.jpg
302,0.9412347674369812,0.0,0.0,0.0,0.0,0.0,0.0,0.0,0.7721958160400391,0.0,https://media.tacdn.com/media/attractions-splice-spp-360x240/06/6c/3d/b0.jpg
303,0.0,0.0,0.0,0.0,0.7326111197471619,0.0,0.0,0.0,0.0,0.0,https://www.attractionsofamerica.com/images/state/20150419080804_california.jpg
304,0.0,0.0,0.9223870635032654,0.0,0.0,0.0,0.0,0.0,0.0,0.0,https://smhttp-ssl-53207-colombia.nexcesscdn.net/media/catalog/product/cache/3/thumbnail/470x354/9df78eab33525d08d6e5fb8d27136e95/c/i/city-tour-santa-marta2.jpg
305,0.0,0.0,0.0,0.0,0.9381980895996094,0.0,0.0,0.0,0.0,0.0,http://static.asiawebdirect.com/m/phuket/portals/phuket-com/homepage/tours/pagePropertiesImage/phuket-tours.jpg.jpg
306,0.8777039647102356,0.817379355430603,0.0,0.5619292855262756,0.0,0.0,0.0,0.0,0.0,0.0,https://media.tacdn.com/media/attractions-splice-spp-674x446/07/79/e3/a6.jpg
307,0.8777039647102356,0.0,0.8657962679862976,0.0,0.0,0.0,0.0,0.0,0.8636102676391602,0.0,https://previews.123rf.com/images/aneese/aneese1605/aneese160500099/59105534-tourist-sightseeing-the-mayan-temples-at-tulum-mexico.jpg
308,0.9345153570175171,0.8812883496284485,0.9154221415519714,0.952491044998169,0.0,0.898873507976532,0.0,0.9193981885910034,0.0,0.0,https://cache-graphicslib.viator.com/graphicslib/thumbs674x446/5549/SITours/bogot-city-sightseeing-tour-with-optional-lunch-and-cable-car-ride-in-bogota-804818.jpg
309,0.9370046854019165,0.8648796677589417,0.9348943829536438,0.959579348564148,0.7326111197471619,0.9220139384269714,0.0,0.9526880979537964,0.0,0.0,https://media.tacdn.com/media/attractions-splice-spp-360x240/07/9f/3f/55.jpg
310,0.0,0.0,0.7908880710601807,0.0,0.0,0.8365018367767334,0.0,0.9529154896736145,0.0,0.0,https://media.tacdn.com/media/attractions-splice-spp-674x446/06/6b/8d/52.jpg
311,0.0,0.7263345718383789,0.0,0.0,0.8220894932746887,0.0,0.7335869669914246,0.0,0.0,0.0,https://assets.isango.com/heroimages/hidpi/31579/Dubaisightseeing.jpg
312,0.9688587188720703,0.8812883496284485,0.9575936794281006,0.7814302444458008,0.7326111197471619,0.0,0.0,0.8832597136497498,0.0,0.0,https://www.planetware.com/photos-tiles/boston-massachusetts.jpg
313,0.9248201847076416,0.8501737713813782,0.948600709438324,0.0,0.0,0.0,0.6382286548614502,0.0,0.0,0.0,https://www.taketours.com/images/destination/____8779.jpg
314,0.0,0.8755725622177124,0.8657962679862976,0.7948526740074158,0.0,0.0,0.0,0.92745441198349,0.0,0.0,https://thumbs.dreamstime.com/z/edinburgh-scotland-uk-circa-march-strolling-sightseeing-edinburgh-view-city-several-monuments-castle-81772397.jpg
315,0.9728657007217407,0.932465672492981,0.0,0.959579348564148,0.9658780097961426,0.9013912081718445,0.0,0.0,0.0,0.9392228126525879,https://www.planetware.com/photos-large/SCO/scotland-edinburgh-calton-hill.jpg
316,0.9345153570175171,0.7632943391799927,0.7523007392883301,0.0,0.0,0.0,0.0,0.0,0.0,0.0,https://www.dcducks.com/wp-content/uploads/2012/11/washington-dc-sightseeing-tours.jpg
317,0.0,0.0,0.0,0.9244588017463684,0.0,0.9160329699516296,0.0,0.9193981885910034,0.0,0.8856580853462219,https://www.nationalgeographic.com/content/dam/travel/2016-digital/jordan/top-ten-amman/cityscape-amman-jordan.jpg
318,0.9489173889160156,0.8861968517303467,0.8657962679862976,0.9294447898864746,0.862245500087738,0.8568889498710632,0.0,0.8981533050537109,0.0,0.9154039621353149,https://static.toiimg.com/photo/49581657/.jpg
319,0.9501165747642517,0.9543157815933228,0.9141502380371094,0.0,0.0,0.0,0.0,0.0,0.8674399852752686,0.0,https://www.planetware.com/photos-large/E/spain-cuenca-cathedral.jpg
320,0.8777039647102356,0.0,0.0,0.0,0.7326111197471619,0.0,0.794054388999939,0.0,0.0,0.0,https://hcmcgo.com/wp-content/uploads/sites/13/2016/04/HCMC-Suoi-Tien-park-Ho-Chi-Minh-City.jpg
321,0.8913570046424866,0.8365494012832642,0.0,0.0,0.0,0.0,0.7430498003959656,0.0,0.0,0.7360722422599792,https://media.tacdn.com/media/attractions-splice-spp-360x240/07/a3/2b/0b.jpg
322,0.9615676999092102,0.9456341862678528,0.8824306726455688,0.0,0.0,0.0,0.0,0.0,0.8448357582092285,0.0,https://media-cdn.tripadvisor.com/media/photo-s/01/16/12/18/the-building.jpg
323,0.9412347674369812,0.8884065747261047,0.861466646194458,0.9122365117073059,0.9127334952354431,0.8774210214614868,0.7109197974205017,0.9137458801269531,0.0,0.0,http://www.orangesmile.com/common/img_cities_original/leuven--1963947-6.jpg
324,0.9248201847076416,0.8278814554214478,0.9167296886444092,0.9785924553871155,0.0,0.9329847693443298,0.0,0.9002941846847534,0.0,0.0,https://cache-graphicslib.viator.com/graphicslib/thumbs674x446/5549/SITours/bogot-city-sightseeing-tour-with-optional-lunch-and-cable-car-ride-in-bogota-110152.jpg
325,0.0,0.0,0.0,0.0,0.0,0.0,0.794054388999939,0.0,0.0,0.0,https://www.travelchinaguide.com/images/photogallery/2009/1210100934.jpg
326,0.9248201847076416,0.9636319875717163,0.829643189907074,0.7378934025764465,0.9014298319816589,0.0,0.0,0.0,0.0,0.7680988907814026,https://paulinaontheroad.com/wp-content/uploads/2019/02/milwaukee-1809577_1280-1024x567.jpg
327,0.9522758722305298,0.8723349571228027,0.0,0.7650130391120911,0.0,0.0,0.0,0.8759021759033203,0.0,0.0,https://media.tacdn.com/media/attractions-splice-spp-674x446/06/70/7f/a6.jpg
328,0.0,0.903420627117157,0.8457701802253723,0.0,0.9658780097961426,0.0,0.0,0.0,0.0,0.0,https://www.planetware.com/photos-large/USWI/us-wisconsin-madison-frank-lloyd-wright-taliesin-east.jpg
329,0.0,0.0,0.0,0.984743058681488,0.0,0.9348959922790527,0.0,0.0,0.0,0.9930568933486938,https://www.saporedicina.com/english/wp-content/uploads/2015/08/topthingstoseeanddoinshenzhen.jpg
330,0.9205096960067749,0.8904770016670227,0.901884138584137,0.9469294548034668,0.0,0.9046363830566406,0.0,0.9569264650344849,0.0,0.0,https://media.tacdn.com/media/attractions-splice-spp-674x446/06/70/64/62.jpg
331,0.0,0.0,0.0,0.0,0.0,0.0,0.6970807909965515,0.0,0.0,0.0,http://static.asiawebdirect.com/m/phuket/portals/phuket-com/homepage/island/10mustsee/pagePropertiesImage/phuket-best-thing-to-do.jpg.jpg
332,0.9693707823753357,0.9580472707748413,0.8979781270027161,0.8592675924301147,0.8857545852661133,0.0,0.0,0.0,0.0,0.0,https://www.planetware.com/photos-large/B/belgium-leuven-city-hall.jpg
333,0.9476251006126404,0.8904770016670227,0.912911057472229,0.0,0.0,0.0,0.0,0.0,0.9480327367782593,0.0,https://media.tacdn.com/media/attractions-splice-spp-674x446/06/f2/65/6b.jpg
334,0.978481650352478,0.9175521731376648,0.9289813041687012,0.0,0.0,0.0,0.0,0.0,0.0,0.0,https://vacationidea.com/pix/img25Hy8R/articles/t-t1_wisconsin_state_capitol_5543_mobi.jpg
335,0.9013980627059937,0.8884065747261047,0.8507679104804993,0.0,0.0,0.0,0.680931568145752,0.0,0.8831055760383606,0.0,https://images.chinahighlights.com/attraction/zhuhai/zhuhai-museum/zhuhai-museum1.jpg
336,0.0,0.0,0.0,0.0,0.0,0.0,0.8904258608818054,0.0,0.0,0.0,https://medellinguru.com/wp-content/uploads/2018/01/IMG_7501-1024x678.jpg
337,0.9462271928787231,0.9488989114761353,0.8890175223350525,0.0,0.0,0.0,0.7592620849609375,0.0,0.0,0.0,https://www.barcelona-tourist-guide.com/images/int/attractions/sagrada-familia/L550/sagrada-familia-barcelona-8439.jpg
338,0.9091620445251465,0.8861968517303467,0.7766478657722473,0.0,0.0,0.0,0.0,0.0,0.0,0.0,https://www.planetware.com/wpimages/2018/12/washington-dc-attractions-national-mall-veterans-memorials-1.jpg
339,0.0,0.0,0.0,0.0,0.9508286118507385,0.0,0.0,0.0,0.0,0.0,https://www.planetware.com/wpimages/2018/10/wisconsin-madison-attractions-memorial-union-terrace.jpg
340,0.0,0.0,0.0,0.0,0.0,0.0,0.0,0.0,0.0,0.0,https://www.thebeijinger.com/sites/default/files/thebeijinger/blog-images/309860/seaworld.jpg
341,0.9248201847076416,0.9059367775917053,0.8933750987052917,0.9651159644126892,0.0,0.9239915013313293,0.0,0.9270076155662537,0.0,0.9365457892417908,https://cdn.sunbonoo.com/media/catalog/product/cache/3/image/525x350/9d0ad7affc992e9f5155d5b6f420bd62/c/i/city_sightseeing_bus_tour_barcelona.jpg
342,0.9462271928787231,0.8501737713813782,0.0,0.0,0.862245500087738,0.0,0.0,0.823354184627533,0.0,0.0,http://static.trip101.com/paragraph_media/pictures/000/265/406/large/Santuario_Nacional_de_Las_Lajas_02.jpg?1503378599
343,0.9558485746383667,0.8785452842712402,0.832648515701294,0.9410748481750488,0.9420714974403381,0.8604418039321899,0.0,0.8908006548881531,0.0,0.0,https://www.planetware.com/photos-large/SCO/scotland-edinburgh-skyline.jpg
